Tipo de deporte;Deporte;Nombre de la institución o espacio;Calle;Número;Barrio de Pilar;Actividad / Deporte arancelado;Género;Edades / Categorías
Deportes Individuales;Tenis / Padel;Backyard;Chingolo ;863;Champagnat;SI;MIXTO;Niños/as (hasta 12 años)
Deportes Individuales;Tenis / Padel;UNDERDOGS;Estanislao Lopez ;498;Pilar (cabecera);SI;MIXTO;Todas las edades
Deportes Individuales;Tenis / Padel;CEDEC CENTER;Lorenzo Lopez ;440;Pilar (cabecera);SI;;
Deportes Individuales;Tenis / Padel;STUDIO 32 JIU JITSU;Almte. Guillermo Brown ;994;Pilar (cabecera);SI;;
Deportes Individuales;Tenis / Padel;KICKBOXING PILAR;Rastreador Fournier ;1851;Pilar (cabecera);SI;;
Deportes Individuales;Tenis / Padel;CENTRO BELLATOR;Iparraguirre 770 Derqui;770;Presidente Derqui;SI;;
Deportes Individuales;Tenis / Padel;KICKBOXING PILAR;Av.constitucion  Manuel Alberti;2260;Manuel Alberti;SI;;
Deportes Individuales;Tenis / Padel;Megatlon Pilar;Sgto Juan Bautista Cabral, la lonja;700;La Lonja;SI;;
Deportes Individuales;Tenis / Padel;Club Municipal Peruzzotti;Pedro de Mendoza , Pilar.;1853;Pilar (cabecera);NO;;
Deportes Individuales;Tenis / Padel;Club Municipal Tribarrial;Dr. Naón y Martín Coronado, Pilar.;;Pilar (cabecera);NO;;
Deportes Individuales;Tenis / Padel;Club Municipal Villa Astolfi–Manzone;Constitución 3209.;3209;Villa Astolfi;NO;;
Deportes Individuales;Tenis / Padel;Escuela Municipal de Boxeo – Presidente Derqui;Isolina Raíces y Rivadavia, frente a la Plaza Antonio Toro;;Presidente Derqui;NO;;
Deportes Individuales;Tenis / Padel;Club Municipal Lagomarsino;Brasil ;5020;Del Viso;NO;;
Deportes Individuales;Tenis / Padel;Union de Del viso;Chiclana ;7600;Del Viso;NO;;
Deportes Individuales;Tenis / Padel;CLUB PRESIDENTE DERQUI;Dorrego Manuel;866;Presidente Derqui;NO;MIXTO;
Deportes Individuales;Tenis / Padel;Club municipal Rusticucci;Nestor Kirchner ;1400;Pilar Sur;NO;MIXTO;Adolescentes (de 12 a 18 años)
Deportes de Conjunto;Tenis / Padel;Club municipal Ricardo Rusticucci;Nestor Kirchner ;1400;Pilar Sur;NO;MIXTO;Niños/as (hasta 12 años)
Deportes de Conjunto;Tenis / Padel;Club municipal Del Viso;Polonia;6889;Del Viso;NO;MIXTO;Adolescentes (de 12 a 18 años)
Deportes de Conjunto;Tenis / Padel;Instituto Federico G. Dickens;Av. Ing. Eduardo Madero;2076;Del Viso;SI;MIXTO;Adolescentes (de 12 a 18 años)
Deportes Individuales;Tenis / Padel;Club municipal Rusticucci;Nestor Kirchner ;1400;Pilar Sur;NO;MIXTO;Todas las edades
Deportes Individuales;Tenis / Padel;Pilar Tenis ;Tandil, entre Daireaux y Saliquelo;;Champagnat;SI;MIXTO;Todas las edades
Deportes Individuales;Tenis / Padel;Pilar Tenis Ranch ;Seguí;1550;La Lonja;SI;MIXTO;Todas las edades
Deportes Individuales;Tenis / Padel;PPT PILAR Padel;Las Camelias;3327;Manuel Alberti;SI;MIXTO;Niños/as (hasta 12 años)
Deportes Individuales;Tenis / Padel;Club Atlético Pilar;Ituzaingó ;759;Pilar (cabecera);SI;MIXTO;Todas las edades
Deportes Individuales;Tenis / Padel;Tenis Champion Pilar;Jorge Manfredi;;Pilar (cabecera);SI;MIXTO;Todas las edades
Deportes Individuales;Tenis / Padel;World Padel Center Pilar;José Verdi y Roberto Caamaño;;La Lonja;SI;MIXTO;Todas las edades
Deportes Individuales;Tenis / Padel;;;;;SI;;
Deportes Individuales;Tenis / Padel;Tenis Manantiales;Ruta provincial 8 Km 45;;Del Viso;SI;MIXTO;Todas las edades
Deportes Individuales;Tenis / Padel;Pilar Padel Center ;Sargento Beliera ;1900;Presidente Derqui;SI;MIXTO;Todas las edades
Deportes Individuales;Tenis / Padel;Alpina Tenis Club;Luján ;181;Pilar (cabecera);SI;MIXTO;Todas las edades
Deportes Individuales;Tenis / Padel;La Palmera Tenis Cancha ;Los Lirios;1000-1198;Pilar (cabecera);SI;MIXTO;Todas las edades
Deportes Individuales;Tenis / Padel;Pilará polo Club;Panamericana Ramal Pilar Km 56,5;;Pilar Sur;SI;MIXTO;Todas las edades
Deportes Individuales;Tenis / Padel;Tenis De Marco;Av. Arturo Illia ;12554;Del Viso;SI;MIXTO;Todas las edades
Deportes Individuales;Tenis / Padel;CPS - Club Sportivo Pilar ;Tomás Márquez ;1125;Pilar (cabecera);SI;MIXTO;Todas las edades
Deportes Individuales;Tenis / Padel;Real Pilar Comunidad Deportiva;Los Alamos ;1648;Pilar (cabecera);SI;MIXTO;Todas las edades
Deportes Individuales;Tenis / Padel;Belgrano Athletic Club- Sede Pinazo;Panamericana Km 45.5 Ramal Pilar;;La Lonja;SI;MIXTO;Todas las edades
Deportes Individuales;Tenis / Padel;Club Social Y Deportivo Unión de Del Viso;Calle Domingo French ;;Del Viso;SI;MIXTO;
Deportes Individuales;Tenis / Padel;Hebraica Sede Pilar ;Avenida Sargento Cayetano Beliera ;;Pilar (cabecera);SI;MIXTO;Todas las edades
Deportes Individuales;Tenis / Padel;Tenis Pilar Golf ;Ruta 8 Km 60, Fátima;;Fátima;SI;MIXTO;Todas las edades
Deportes Individuales;Tenis / Padel;BACKYARD Pilar;El Chingolo;869;Champagnat;SI;MIXTO;Todas las edades
Deportes Individuales;Tenis / Padel;Sutna Pilar;Saraví ;2600;La Lonja;SI;MIXTO;Todas las edades
Deportes Individuales;Tenis / Padel;Club De Tenis San Jorge;La Golondrina ;1999;La Lonja;SI;MIXTO;Todas las edades
Deportes Individuales;Tenis / Padel;Ace Tenis Club;Las Retamas ;4157;Del Viso;SI;MIXTO;Todas las edades
Deportes Individuales;Tenis / Padel;Asociación Italiana;Hipolito Yrigoyen ;1145;Pilar (cabecera);SI;MIXTO;Todas las edades
Deportes Individuales;Tenis / Padel;Farm Club Pilar;Colectora Este Ramal Pilar ;16500;Del Viso;SI;MIXTO;Todas las edades
Deportes Individuales;Tenis / Padel;Dominicana Tenis Club;El Lucero ;1285;Pilar (cabecera);SI;MIXTO;Todas las edades
Deportes Individuales;Tenis / Padel;Country´s;;;;;;
Deportes Individuales;Tenis / Padel;Village Golf & Tennis Country Club;Hipolito Yrigoyen ;1754;Manuel Alberti;SI;MIXTO;Todas las edades
Deportes Individuales;Tenis / Padel;Highland Park Country Club;Los jazmines & las campanillas;;Del Viso;SI;MIXTO;Todas las edades
Deportes Individuales;Tenis / Padel;Deportes Universal Austral;Mariano Acosta ;1611;Pilar (cabecera);SI;MIXTO;Adultos (de 18 a 60 años)
Deportes Individuales;Tenis / Padel;La Lomada de Pilar;Florida ;9680;Del Viso;SI;MIXTO;Todas las edades
Deportes Individuales;Tenis / Padel;Pilar del Lago Country Club;Amancio Alcorta;1100;Pilar (cabecera);SI;MIXTO;Todas las edades
Deportes Individuales;Tenis / Padel;Los Lagartos Country Club;Acceso Norte Ramal Pilar Km 46;;Pilar (cabecera);SI;MIXTO;Todas las edades
Deportes Individuales;Tenis / Padel;Los Troncos Country Club;Parana & posadas;;Del Viso;SI;MIXTO;Todas las edades
Deportes Individuales;Tenis / Padel;Ayres de Pilar;Colectora Este Ramal Pilar & Las Amapolas.;;Manuel Alberti;SI;MIXTO;Todas las edades
Deportes Individuales;Gimnasia Artística;Elite Pilar Gymnastics;Guido;1401;Pilar (cabecera);SI;FEMENINO;Todas las edades
Deportes de Conjunto;Rugby   ;Sociedad Hebraica Argentina;Las Madreselvas;1113;Pilar (cabecera);SI;MASCULINO;Todas las edades
Deportes Individuales;Golf;Pilar Golf/country y golf resort ;Calle Principal ;550;Fátima;SI;MIXTO;Todas las edades
Deportes Individuales;Golf;Club de campo pilar del lago ;Av. Presidente Juan Domingo Perón;2345;Presidente Derqui;SI;MIXTO;Todas las edades
Deportes Individuales;Golf;Pilará country ;Ruta Panamericana, Ramal Pilar;km 56,5 ;Pilar (cabecera);SI;MIXTO;Todas las edades
Deportes Individuales;Golf;Los Alamos campo de golf ;Saravi ;s/n;Pilar (cabecera);SI;MIXTO;Todas las edades
Deportes Individuales;Golf;Yarda 51;Panamericana, Acceso Norte – Ramal Pilar;km 51;Pilar (cabecera);SI;MIXTO;Todas las edades
Deportes Individuales;Golf;Medal country club pilar ;Ruta Provincial 34;km 54,5;Pilar (cabecera);SI;MIXTO;Todas las edades
Deportes Individuales;Golf;Martindale country club;Av. Presidente Juan Domingo Perón;2375;Pilar (cabecera);SI;MIXTO;Todas las edades
Deportes Individuales;Golf;Del viso Driving Range;Av. Ing. Eduardo Madero (Ruta Provincial 26);km 41,5;Pilar (cabecera);SI;MIXTO;Todas las edades
Deportes de Conjunto;Fútbol;Club Atletico Pilar;ituzaingó;759;Pilar (cabecera);SI;MIXTO;Todas las edades
Deportes de Conjunto;Fútbol;Club Social y Deportivo Presidente Derqui;Dorrego  manuel;866;Presidente Derqui;SI;MIXTO;Todas las edades
Deportes de Conjunto;Fútbol;Club Sportivo Pilar ;av. Tomas Marquez;1125;Pilar (cabecera);SI;MIXTO;Todas las edades
Deportes de Conjunto;Fútbol;Club Cerro Pilar;Las Truchas;1220;Pilar Sur;SI;MIXTO;Todas las edades
Deportes de Conjunto;Fútbol;"Club Municipal Manuel Alberti ""Ángel Di Maria";Batalla de Arroyo Grande, Domingo Faustino Sarmiento;B1664;Manuel Alberti;NO;MIXTO;Todas las edades
Deportes de Conjunto;Fútbol;Club Municipal Lagomarsino;Honduras;5881;Luis Lagomarsino;NO;MIXTO;Adultos (de 18 a 60 años)
Deportes de Conjunto;Fútbol;Club Municipal Luchetti;Presidente Perón;963;Villa Rosa;NO;MIXTO;Todas las edades
Deportes Individuales;Boxeo;Club Municipal Lagomarsino;Honduras;5881;Luis Lagomarsino;NO;MIXTO;Adultos (de 18 a 60 años)
Deportes Individuales;Boxeo;Club Municipal Luchetti;Presidente Perón;963;Villa Rosa;NO;MIXTO;Todas las edades
Deportes Individuales;Boxeo;Club Municipal Del Viso;Polonia ;5075;Del Viso;NO;MIXTO;Adultos (de 18 a 60 años)
Deportes Individuales;Boxeo;Underdogs Fight Club;Estanislao Lopez;498;Pilar (cabecera);SI;MIXTO;Todas las edades
Deportes Individuales;Boxeo;Gimnasio Alberti Boxing Club;av. constitucion ;2260;Manuel Alberti;SI;MIXTO;Todas las edades
Deportes Individuales;Boxeo;Gimnasio de Boxeo -Villa Rosa-;Gral. Ibarra;1366;Villa Rosa;SI;MIXTO;Todas las edades
Deportes Individuales;Boxeo;cedec center;Lorenzo Lopez ;440;Pilar (cabecera);SI;MIXTO;Todas las edades
Deportes de Conjunto;Básquetbol;Club Sportivo Pilar ;Av. Tomas Marquez;1125;Pilar (cabecera);SI;MIXTO;Todas las edades
Deportes de Conjunto;Básquetbol;Club atlético Pilar ;Ituzaingó;759;Pilar (cabecera);SI;MIXTO;Todas las edades
Deportes de Conjunto;Básquetbol;Sociedad Hebraica Argentina – Sede Pilar;Av. Sgto. Cayetano Beliera;1199;La Lonja;SI;MIXTO;Todas las edades
Deportes de Conjunto;Básquetbol;Club Municipal Tribarrial;Dr. R. Naón y Martín Coronado;S/N;Champagnat;NO;MIXTO;Adolescentes (de 12 a 18 años)
Deportes de Conjunto;Básquetbol;Club Presidente Derqui;Manuel Dorrego;866;Presidente Derqui;SI;MIXTO;Todas las edades
Deportes de Conjunto;Básquetbol;Polideportivo Pilar;Pilar Centro;S/N;Pilar (cabecera);SI;MIXTO;Todas las edades
Deportes de Conjunto;Básquetbol;Club Municipal Del Viso;Polonia ;6889;Del Viso;NO;MIXTO;Todas las edades
Deportes de Conjunto;Básquetbol;Club Municipal Peruzzotti;Pedro de Mendoza;1853;Pilar Sur;NO;MIXTO;Niños/as (hasta 12 años)
Deportes de Conjunto;Básquetbol;Club Unión de Del Viso;Chiclana;7600;Del Viso;SI;MIXTO;Todas las edades
Deportes de Conjunto;Básquetbol;"Club Municipal Manuel Alberti ""Angel Di María""";Batalla de Arroyo Grande y Sarmiento;S/N;Manuel Alberti;NO;MIXTO;Todas las edades
Deportes de Conjunto;Básquetbol;Club Municipal Lagomarsino / Diego Armando Maradona;Brasil;5020;Luis Lagomarsino;NO;MIXTO;Todas las edades
Deportes de Conjunto;Básquetbol;Club Municipal Presidente Derqui;Henry Martín y España;S/N;Presidente Derqui;NO;MIXTO;Todas las edades
Deportes de Conjunto;Handbol;Escuela Municipal;Néstor Kirchner;1400;Pilar (cabecera);NO;MIXTO;Todas las edades
Deportes de Conjunto;Handbol;Club Municipal Del Viso;Polonia ;6889;Del Viso;NO;MIXTO;Todas las edades
Deportes de Conjunto;Handbol;Instituto Federico Dickens;Av. Ing. eduardo Madero;2076;Del Viso;SI;MIXTO;Adolescentes (de 12 a 18 años)
Deportes de Conjunto;Handbol;Parroquial Nuestra Señora Del Pilar;Belgrano;566;Pilar (cabecera);SI;MIXTO;Adolescentes (de 12 a 18 años)
Deportes de Conjunto;Handbol;Instituto Modelo de Pilar;Hipolito Yrigoyen;767;Pilar (cabecera);SI;MIXTO;Adolescentes (de 12 a 18 años)
Deportes de Conjunto;Handbol;Nuestra Señora de Lujan;Maria Cabezas ;1143;Pilar (cabecera);SI;MIXTO;Adolescentes (de 12 a 18 años)
Deportes de Conjunto;Voleibol;Club Argentinos de Del Viso;Ituzaingó ;8601;Del Viso;SI;MIXTO;Todas las edades
Deportes Individuales;Taekwondo;Club Atlético Pilar;Ituizango;759;Pilar (cabecera);SI;MIXTO;Todas las edades
Deportes Individuales;Taekwondo;Club Sportivo Pilar;Tomás Márquez ;1125;Pilar (cabecera);SI;MIXTO;Todas las edades
Deportes Individuales;Taekwondo;Club Atlético Peñarol Pilar;Hipólito Yrigoyen ;799;Pilar (cabecera);SI;MIXTO;Todas las edades
Deportes de Conjunto;Voleibol;Sinergia Voley Pilar;Acceso Norte, Ruta 25 ;;Pilar (cabecera);SI;FEMENINO;Todas las edades
Deportes de Conjunto;Voleibol;Club Atlético Pilar;Ituizango ;759;Pilar (cabecera);SI;FEMENINO;Todas las edades
Deportes de Conjunto;Voleibol;Club Sportivo Pilar;Tomás Márquez ;1125;Pilar (cabecera);SI;FEMENINO;Todas las edades
Deportes de Conjunto;Voleibol;Club Atlético Peñarol Pilar;Hipólito Yrigoyen ;799;Pilar (cabecera);SI;FEMENINO;Todas las edades
Deportes de Conjunto;Voleibol;Club Atlético Peñarol Pilar;Hipólito Yrigoyen;799;Pilar (cabecera);SI;MASCULINO;Todas las edades
Deportes de Conjunto;Voleibol;Sinergia Voley Pilar; Acceso Norte, Ruta 25;;Pilar (cabecera);SI;MASCULINO;Todas las edades
Deportes de Conjunto;Voleibol;Club Sportivo Pilar;Tomás Márquez ;1125;Pilar (cabecera);SI;MASCULINO;Todas las edades
Deportes de Conjunto;Voleibol;Club Atlético Pilar;Ituizango ;759;Pilar (cabecera);SI;MASCULINO;Todas las edades
Deportes Individuales;Taekwondo;Club Municipal Luchetti;Pres. Juan Domingo Perón ;963;Villa Rosa;NO;MIXTO;Niños/as (hasta 12 años)
Deportes Individuales;Taekwondo;Club Municipal Del Viso;Cesar Lambroso;669;Del Viso;NO;MIXTO;Niños/as (hasta 12 años)
Deportes Individuales;Taekwondo;Club Lagomarsino;Brasil ;5020;Manuel Alberti;NO;MIXTO;Niños/as (hasta 12 años)
Deportes Individuales;Taekwondo;Club Derqui;Henry Martin y España;;Presidente Derqui;NO;MIXTO;Niños/as (hasta 12 años)
Deportes Individuales;Taekwondo;Club Peruzotti;Pedro de Mendoza ;1853;Pilar (cabecera);NO;MIXTO;Niños/as (hasta 12 años)
Deportes Individuales;Taekwondo;Club Astolfi;Av. Constitución ;3209;Manzone;NO;MIXTO;Todas las edades
Deportes Individuales;Taekwondo;Club Municipal Luchetti;Pres. Juan Domingo Perón ;963;Villa Rosa;NO;MIXTO;Adolescentes (de 12 a 18 años)
Deportes Individuales;Taekwondo;Club Municipal Del Viso;Cesar Lambroso;669;Del Viso;NO;MIXTO;Adolescentes (de 12 a 18 años)
Deportes Individuales;Taekwondo;Club Lagomarsino;Brasil ;5020;Manuel Alberti;NO;MIXTO;Adolescentes (de 12 a 18 años)
Deportes Individuales;Taekwondo;Club Derqui;Henry Martin y España;;Presidente Derqui;NO;MIXTO;Adolescentes (de 12 a 18 años)
Deportes Individuales;Taekwondo;Club Peruzotti;Pedro de Mendoza ;1853;Pilar (cabecera);NO;MIXTO;Adolescentes (de 12 a 18 años)
Deportes Individuales;Taekwondo;Club Argentinos de Del Viso ;Ituzaingó ;8601;Del Viso;SI;MIXTO;Todas las edades
Deportes Individuales;Taekwondo;Centro de Jubilados Y P;Chiclana ;7089;Del Viso;SI;MIXTO;Adolescentes (de 12 a 18 años)
Deportes Individuales;Taekwondo;Club Atlético Pilar;Ituzaingó ;759;Pilar (cabecera);SI;MIXTO;Adolescentes (de 12 a 18 años)
Deportes Individuales;Taekwondo;Indómito training ;Francisco Pizarro ;1244;Del Viso;SI;MIXTO;Adolescentes (de 12 a 18 años)
Deportes de Conjunto;Hockey;Club Champañat;R. Caamaño;1639;La Lonja;SI;MIXTO;Adolescentes (de 12 a 18 años)
Deportes de Conjunto;Hockey;Club Cerro Pilar;Las Truchas ;1220;Pilar (cabecera);SI;MIXTO;Adolescentes (de 12 a 18 años)
Deportes de Conjunto;Hockey;Club Atlético Pilar;Ruta 8, esq. Frondizi;km12;Pilar (cabecera);SI;MIXTO;Adolescentes (de 12 a 18 años)
Deportes de Conjunto;Hockey;Sociedad Hebraica;Las Madreselvas ;1133;Pilar (cabecera);SI;MIXTO;Adolescentes (de 12 a 18 años)
Deportes de Conjunto;Hockey;Club Los Pinos;Joaquin Victor Gonzalez;250;La Lonja;SI;MIXTO;Adolescentes (de 12 a 18 años)
Deportes de Conjunto;Hockey;Club 25 de Mayo;Santa Teresa ;950;Manuel Alberti;SI;FEMENINO;Adultos (de 18 a 60 años)
Deportes de Conjunto;Hockey;Club Municipal  Ángel Di Maria;Batalla de Arroyo Grande/D.F. Sarmiento;;Manuel Alberti;NO;MIXTO;Adultos (de 18 a 60 años)
Deportes de Conjunto;Hockey;Club Municipal Del Viso;Polonia;6889;Del Viso;NO;MIXTO;Adolescentes (de 12 a 18 años)
Deportes de Conjunto;Hockey;Club Municipal  Tribarrial;Naón y Martin Coronado;;Pilar (cabecera);NO;MIXTO;Adolescentes (de 12 a 18 años)
Deportes de Conjunto;Hockey;Club Municipal luchetti;Perón;955;Villa Rosa;NO;MIXTO;Adolescentes (de 12 a 18 años)
Deportes de Conjunto;Hockey;Club Municipal Derquí;Henry Martin y España;;Presidente Derqui;NO;MIXTO;Adultos (de 18 a 60 años)
Deportes de Conjunto;Hockey;Microestadio Municipal Rusticucci;Néstor Kirchner;1400;Pilar (cabecera);NO;MIXTO;Adolescentes (de 12 a 18 años)
Deportes Individuales;Golf;Pilar Golf Club;Ruta 8;km 60,5;Fátima;SI;MIXTO;Todas las edades
Deportes Individuales;Golf;CUBA – Sede Fátima;Ruta 8;km 61,9;Fátima;SI;MIXTO;Todas las edades
Deportes Individuales;Golf;Sociedad Hebraica Argentina – Sede Pilar;Av. Sgto. Cayetano Beliera;1199;La Lonja;SI;MIXTO;Todas las edades
Deportes Individuales;Golf;Los Lagartos Country Club;Ruta Panamericana;km 46;La Lonja;SI;MIXTO;Todas las edades
Deportes Individuales;Golf;Mapuche Country Club;Ruta 8;km 47,5 / Ramal Pilar km 48,5;La Lonja;SI;MIXTO;Todas las edades
Deportes Individuales;Golf;Martindale Country Club;Av. Juan Domingo Perón;2375;Presidente Derqui;SI;MIXTO;Todas las edades
Deportes Individuales;Golf;Mayling Club de Campo;Calle Chubut;400;Villa Rosa;SI;MIXTO;Todas las edades
Deportes Individuales;Golf;Pilará Golf Club;Panamericana;km 56,5;Fátima;SI;MIXTO;Todas las edades
Deportes Individuales;Golf;Campo Grande Club de Campo;Matacos y Alborada;S/N;Villa Rosa;SI;MIXTO;Todas las edades
Deportes Individuales;Golf;Medal Country Club;Ruta Provincial 34;km 54,5;Pilar (cabecera);SI;MIXTO;Todas las edades
Deportes Individuales;Golf;Golfer's Country Club;Antártida Argentina;520;Pilar (cabecera);SI;MIXTO;Todas las edades
Deportes Individuales;Golf;Boca Ratón Country Life;Ruta 25;km 12;Pilar (cabecera);SI;MIXTO;Todas las edades
Deportes Individuales;Golf;Club de Campo Armenia;Las Campanillas;602;Del Viso;SI;MIXTO;Todas las edades
;;;;;;;;
;;;;;;;;
;;;;;;;;
;;;;;;;;
;;;;;;;;
;;;;;;;;
;;;;;;;;
;;;;;;;;
;;;;;;;;
;;;;;;;;
;;;;;;;;
;;;;;;;;
;;;;;;;;
;;;;;;;;
;;;;;;;;
;;;;;;;;
;;;;;;;;
;;;;;;;;
;;;;;;;;
;;;;;;;;
;;;;;;;;
;;;;;;;;
;;;;;;;;
;;;;;;;;
;;;;;;;;
;;;;;;;;
;;;;;;;;
;;;;;;;;
;;;;;;;;
;;;;;;;;
;;;;;;;;
;;;;;;;;
;;;;;;;;
;;;;;;;;
;;;;;;;;
;;;;;;;;
;;;;;;;;
;;;;;;;;
;;;;;;;;
;;;;;;;;
;;;;;;;;
;;;;;;;;
;;;;;;;;
;;;;;;;;
;;;;;;;;
;;;;;;;;
;;;;;;;;
;;;;;;;;
;;;;;;;;
;;;;;;;;
;;;;;;;;
;;;;;;;;
;;;;;;;;
;;;;;;;;
;;;;;;;;
;;;;;;;;
;;;;;;;;
;;;;;;;;
;;;;;;;;
;;;;;;;;
;;;;;;;;
;;;;;;;;
;;;;;;;;
;;;;;;;;
;;;;;;;;
;;;;;;;;
;;;;;;;;
;;;;;;;;
;;;;;;;;
;;;;;;;;
;;;;;;;;
;;;;;;;;
;;;;;;;;
;;;;;;;;
;;;;;;;;
;;;;;;;;
;;;;;;;;
;;;;;;;;
;;;;;;;;
;;;;;;;;
;;;;;;;;
;;;;;;;;
;;;;;;;;
;;;;;;;;
;;;;;;;;
;;;;;;;;
;;;;;;;;
;;;;;;;;
;;;;;;;;
;;;;;;;;
;;;;;;;;
;;;;;;;;
;;;;;;;;
;;;;;;;;
;;;;;;;;
;;;;;;;;
;;;;;;;;
;;;;;;;;
;;;;;;;;
;;;;;;;;
;;;;;;;;
;;;;;;;;
;;;;;;;;
;;;;;;;;
;;;;;;;;
;;;;;;;;
;;;;;;;;
;;;;;;;;
;;;;;;;;
;;;;;;;;
;;;;;;;;
;;;;;;;;
;;;;;;;;
;;;;;;;;
;;;;;;;;
;;;;;;;;
;;;;;;;;
;;;;;;;;
;;;;;;;;
;;;;;;;;
;;;;;;;;
;;;;;;;;
;;;;;;;;
;;;;;;;;
;;;;;;;;
;;;;;;;;
;;;;;;;;
;;;;;;;;
;;;;;;;;
;;;;;;;;
;;;;;;;;
;;;;;;;;
;;;;;;;;
;;;;;;;;
;;;;;;;;
;;;;;;;;
;;;;;;;;
;;;;;;;;
;;;;;;;;
;;;;;;;;
;;;;;;;;
;;;;;;;;
;;;;;;;;
;;;;;;;;
;;;;;;;;
;;;;;;;;
;;;;;;;;
;;;;;;;;
;;;;;;;;
;;;;;;;;
;;;;;;;;
;;;;;;;;
;;;;;;;;
;;;;;;;;
;;;;;;;;
;;;;;;;;
;;;;;;;;
;;;;;;;;
;;;;;;;;
;;;;;;;;
;;;;;;;;
;;;;;;;;
;;;;;;;;
;;;;;;;;
;;;;;;;;
;;;;;;;;
;;;;;;;;
;;;;;;;;
;;;;;;;;
;;;;;;;;
;;;;;;;;
;;;;;;;;
;;;;;;;;
;;;;;;;;
;;;;;;;;
;;;;;;;;
;;;;;;;;
;;;;;;;;
;;;;;;;;
;;;;;;;;
;;;;;;;;
;;;;;;;;
;;;;;;;;
;;;;;;;;
;;;;;;;;
;;;;;;;;
;;;;;;;;
;;;;;;;;
;;;;;;;;
;;;;;;;;
;;;;;;;;
;;;;;;;;
;;;;;;;;
;;;;;;;;
;;;;;;;;
;;;;;;;;
;;;;;;;;
;;;;;;;;
;;;;;;;;
;;;;;;;;
;;;;;;;;
;;;;;;;;
;;;;;;;;
;;;;;;;;
;;;;;;;;
;;;;;;;;
;;;;;;;;
;;;;;;;;
;;;;;;;;
;;;;;;;;
;;;;;;;;
;;;;;;;;
;;;;;;;;
;;;;;;;;
;;;;;;;;
;;;;;;;;
;;;;;;;;
;;;;;;;;
;;;;;;;;
;;;;;;;;
;;;;;;;;
;;;;;;;;
;;;;;;;;
;;;;;;;;
;;;;;;;;
;;;;;;;;
;;;;;;;;
;;;;;;;;
;;;;;;;;
;;;;;;;;
;;;;;;;;
;;;;;;;;
;;;;;;;;
;;;;;;;;
;;;;;;;;
;;;;;;;;
;;;;;;;;
;;;;;;;;
;;;;;;;;
;;;;;;;;
;;;;;;;;
;;;;;;;;
;;;;;;;;
;;;;;;;;
;;;;;;;;
;;;;;;;;
;;;;;;;;
;;;;;;;;
;;;;;;;;
;;;;;;;;
;;;;;;;;
;;;;;;;;
;;;;;;;;
;;;;;;;;
;;;;;;;;
;;;;;;;;
;;;;;;;;
;;;;;;;;
;;;;;;;;
;;;;;;;;
;;;;;;;;
;;;;;;;;
;;;;;;;;
;;;;;;;;
;;;;;;;;
;;;;;;;;
;;;;;;;;
;;;;;;;;
;;;;;;;;
;;;;;;;;
;;;;;;;;
;;;;;;;;
;;;;;;;;
;;;;;;;;
;;;;;;;;
;;;;;;;;
;;;;;;;;
;;;;;;;;
;;;;;;;;
;;;;;;;;
;;;;;;;;
;;;;;;;;
;;;;;;;;
;;;;;;;;
;;;;;;;;
;;;;;;;;
;;;;;;;;
;;;;;;;;
;;;;;;;;
;;;;;;;;
;;;;;;;;
;;;;;;;;
;;;;;;;;
;;;;;;;;
;;;;;;;;
;;;;;;;;
;;;;;;;;
;;;;;;;;
;;;;;;;;
;;;;;;;;
;;;;;;;;
;;;;;;;;
;;;;;;;;
;;;;;;;;
;;;;;;;;
;;;;;;;;
;;;;;;;;
;;;;;;;;
;;;;;;;;
;;;;;;;;
;;;;;;;;
;;;;;;;;
;;;;;;;;
;;;;;;;;
;;;;;;;;
;;;;;;;;
;;;;;;;;
;;;;;;;;
;;;;;;;;
;;;;;;;;
;;;;;;;;
;;;;;;;;
;;;;;;;;
;;;;;;;;
;;;;;;;;
;;;;;;;;
;;;;;;;;
;;;;;;;;
;;;;;;;;
;;;;;;;;
;;;;;;;;
;;;;;;;;
;;;;;;;;
;;;;;;;;
;;;;;;;;
;;;;;;;;
;;;;;;;;
;;;;;;;;
;;;;;;;;
;;;;;;;;
;;;;;;;;
;;;;;;;;
;;;;;;;;
;;;;;;;;
;;;;;;;;
;;;;;;;;
;;;;;;;;
;;;;;;;;
;;;;;;;;
;;;;;;;;
;;;;;;;;
;;;;;;;;
;;;;;;;;
;;;;;;;;
;;;;;;;;
;;;;;;;;
;;;;;;;;
;;;;;;;;
;;;;;;;;
;;;;;;;;
;;;;;;;;
;;;;;;;;
;;;;;;;;
;;;;;;;;
;;;;;;;;
;;;;;;;;
;;;;;;;;
;;;;;;;;
;;;;;;;;
;;;;;;;;
;;;;;;;;
;;;;;;;;
;;;;;;;;
;;;;;;;;
;;;;;;;;
;;;;;;;;
;;;;;;;;
;;;;;;;;
;;;;;;;;
;;;;;;;;
;;;;;;;;
;;;;;;;;
;;;;;;;;
;;;;;;;;
;;;;;;;;
;;;;;;;;
;;;;;;;;
;;;;;;;;
;;;;;;;;
;;;;;;;;
;;;;;;;;
;;;;;;;;
;;;;;;;;
;;;;;;;;
;;;;;;;;
;;;;;;;;
;;;;;;;;
;;;;;;;;
;;;;;;;;
;;;;;;;;
;;;;;;;;
;;;;;;;;
;;;;;;;;
;;;;;;;;
;;;;;;;;
;;;;;;;;
;;;;;;;;
;;;;;;;;
;;;;;;;;
;;;;;;;;
;;;;;;;;
;;;;;;;;
;;;;;;;;
;;;;;;;;
;;;;;;;;
;;;;;;;;
;;;;;;;;
;;;;;;;;
;;;;;;;;
;;;;;;;;
;;;;;;;;
;;;;;;;;
;;;;;;;;
;;;;;;;;
;;;;;;;;
;;;;;;;;
;;;;;;;;
;;;;;;;;
;;;;;;;;
;;;;;;;;
;;;;;;;;
;;;;;;;;
;;;;;;;;
;;;;;;;;
;;;;;;;;
;;;;;;;;
;;;;;;;;
;;;;;;;;
;;;;;;;;
;;;;;;;;
;;;;;;;;
;;;;;;;;
;;;;;;;;
;;;;;;;;
;;;;;;;;
;;;;;;;;
;;;;;;;;
;;;;;;;;
;;;;;;;;
;;;;;;;;
;;;;;;;;
;;;;;;;;
;;;;;;;;
;;;;;;;;
;;;;;;;;
;;;;;;;;
;;;;;;;;
;;;;;;;;
;;;;;;;;
;;;;;;;;
;;;;;;;;
;;;;;;;;
;;;;;;;;
;;;;;;;;
;;;;;;;;
;;;;;;;;
;;;;;;;;
;;;;;;;;
;;;;;;;;
;;;;;;;;
;;;;;;;;
;;;;;;;;
;;;;;;;;
;;;;;;;;
;;;;;;;;
;;;;;;;;
;;;;;;;;
;;;;;;;;
;;;;;;;;
;;;;;;;;
;;;;;;;;
;;;;;;;;
;;;;;;;;
;;;;;;;;
;;;;;;;;
;;;;;;;;
;;;;;;;;
;;;;;;;;
;;;;;;;;
;;;;;;;;
;;;;;;;;
;;;;;;;;
;;;;;;;;
;;;;;;;;
;;;;;;;;
;;;;;;;;
;;;;;;;;
;;;;;;;;
;;;;;;;;
;;;;;;;;
;;;;;;;;
;;;;;;;;
;;;;;;;;
;;;;;;;;
;;;;;;;;
;;;;;;;;
;;;;;;;;
;;;;;;;;
;;;;;;;;
;;;;;;;;
;;;;;;;;
;;;;;;;;
;;;;;;;;
;;;;;;;;
;;;;;;;;
;;;;;;;;
;;;;;;;;
;;;;;;;;
;;;;;;;;
;;;;;;;;
;;;;;;;;
;;;;;;;;
;;;;;;;;
;;;;;;;;
;;;;;;;;
;;;;;;;;
;;;;;;;;
;;;;;;;;
;;;;;;;;
;;;;;;;;
;;;;;;;;
;;;;;;;;
;;;;;;;;
;;;;;;;;
;;;;;;;;
;;;;;;;;
;;;;;;;;
;;;;;;;;
;;;;;;;;
;;;;;;;;
;;;;;;;;
;;;;;;;;
;;;;;;;;
;;;;;;;;
;;;;;;;;
;;;;;;;;
;;;;;;;;
;;;;;;;;
;;;;;;;;
;;;;;;;;
;;;;;;;;
;;;;;;;;
;;;;;;;;
;;;;;;;;
;;;;;;;;
;;;;;;;;
;;;;;;;;
;;;;;;;;
;;;;;;;;
;;;;;;;;
;;;;;;;;
;;;;;;;;
;;;;;;;;
;;;;;;;;
;;;;;;;;
;;;;;;;;
;;;;;;;;
;;;;;;;;
;;;;;;;;
;;;;;;;;
;;;;;;;;
;;;;;;;;
;;;;;;;;
;;;;;;;;
;;;;;;;;
;;;;;;;;
;;;;;;;;
;;;;;;;;
;;;;;;;;
;;;;;;;;
;;;;;;;;
;;;;;;;;
;;;;;;;;
;;;;;;;;
;;;;;;;;
;;;;;;;;
;;;;;;;;
;;;;;;;;
;;;;;;;;
;;;;;;;;
;;;;;;;;
;;;;;;;;
;;;;;;;;
;;;;;;;;
;;;;;;;;
;;;;;;;;
;;;;;;;;
;;;;;;;;
;;;;;;;;
;;;;;;;;
;;;;;;;;
;;;;;;;;
;;;;;;;;
;;;;;;;;
;;;;;;;;
;;;;;;;;
;;;;;;;;
;;;;;;;;
;;;;;;;;
;;;;;;;;
;;;;;;;;
;;;;;;;;
;;;;;;;;
;;;;;;;;
;;;;;;;;
;;;;;;;;
;;;;;;;;
;;;;;;;;
;;;;;;;;
;;;;;;;;
;;;;;;;;
;;;;;;;;
;;;;;;;;
;;;;;;;;
;;;;;;;;
;;;;;;;;
;;;;;;;;
;;;;;;;;
;;;;;;;;
;;;;;;;;
;;;;;;;;
;;;;;;;;
;;;;;;;;
;;;;;;;;
;;;;;;;;
;;;;;;;;
;;;;;;;;
;;;;;;;;
;;;;;;;;
;;;;;;;;
;;;;;;;;
;;;;;;;;
;;;;;;;;
;;;;;;;;
;;;;;;;;
;;;;;;;;
;;;;;;;;
;;;;;;;;
;;;;;;;;
;;;;;;;;
;;;;;;;;
;;;;;;;;
;;;;;;;;
;;;;;;;;
;;;;;;;;
;;;;;;;;
;;;;;;;;
;;;;;;;;
;;;;;;;;
;;;;;;;;
;;;;;;;;
;;;;;;;;
;;;;;;;;
;;;;;;;;
;;;;;;;;
;;;;;;;;
;;;;;;;;
;;;;;;;;
;;;;;;;;
;;;;;;;;
;;;;;;;;
;;;;;;;;
;;;;;;;;
;;;;;;;;
;;;;;;;;
;;;;;;;;
;;;;;;;;
;;;;;;;;
;;;;;;;;
;;;;;;;;
;;;;;;;;
;;;;;;;;
;;;;;;;;
;;;;;;;;
;;;;;;;;
;;;;;;;;
;;;;;;;;
;;;;;;;;
;;;;;;;;
;;;;;;;;
;;;;;;;;
;;;;;;;;
;;;;;;;;
;;;;;;;;
;;;;;;;;
;;;;;;;;
;;;;;;;;
;;;;;;;;
;;;;;;;;
;;;;;;;;
;;;;;;;;
;;;;;;;;
;;;;;;;;
;;;;;;;;
;;;;;;;;
;;;;;;;;
;;;;;;;;
;;;;;;;;
;;;;;;;;
;;;;;;;;
;;;;;;;;
;;;;;;;;
;;;;;;;;
;;;;;;;;
;;;;;;;;
;;;;;;;;
;;;;;;;;
;;;;;;;;
;;;;;;;;
;;;;;;;;
;;;;;;;;
;;;;;;;;
;;;;;;;;
;;;;;;;;
;;;;;;;;
;;;;;;;;
;;;;;;;;
;;;;;;;;
;;;;;;;;
;;;;;;;;
;;;;;;;;
;;;;;;;;
;;;;;;;;
;;;;;;;;
;;;;;;;;
;;;;;;;;
;;;;;;;;
;;;;;;;;
;;;;;;;;
;;;;;;;;
;;;;;;;;
;;;;;;;;
;;;;;;;;
;;;;;;;;
;;;;;;;;
;;;;;;;;
;;;;;;;;
;;;;;;;;
;;;;;;;;
;;;;;;;;
;;;;;;;;
;;;;;;;;
;;;;;;;;
;;;;;;;;
;;;;;;;;
;;;;;;;;
;;;;;;;;
;;;;;;;;
;;;;;;;;
;;;;;;;;
;;;;;;;;
;;;;;;;;
;;;;;;;;
;;;;;;;;
;;;;;;;;
;;;;;;;;
;;;;;;;;
;;;;;;;;
;;;;;;;;
;;;;;;;;
;;;;;;;;
;;;;;;;;
;;;;;;;;
;;;;;;;;
;;;;;;;;
;;;;;;;;
;;;;;;;;
;;;;;;;;
;;;;;;;;
;;;;;;;;
;;;;;;;;
;;;;;;;;
;;;;;;;;
;;;;;;;;
;;;;;;;;
;;;;;;;;
;;;;;;;;
;;;;;;;;
;;;;;;;;
;;;;;;;;
;;;;;;;;
;;;;;;;;
;;;;;;;;
;;;;;;;;
;;;;;;;;
;;;;;;;;
;;;;;;;;
;;;;;;;;
;;;;;;;;
;;;;;;;;
;;;;;;;;
;;;;;;;;
;;;;;;;;
;;;;;;;;
;;;;;;;;
;;;;;;;;
;;;;;;;;
;;;;;;;;
;;;;;;;;
;;;;;;;;
;;;;;;;;
;;;;;;;;
;;;;;;;;
;;;;;;;;
;;;;;;;;
;;;;;;;;
;;;;;;;;
;;;;;;;;
;;;;;;;;
;;;;;;;;
;;;;;;;;
;;;;;;;;
;;;;;;;;
;;;;;;;;
;;;;;;;;
;;;;;;;;
;;;;;;;;
;;;;;;;;
;;;;;;;;
;;;;;;;;
;;;;;;;;
